97650978,6738,752156,Mr,Mark,,Olsen,014-99-3456,+1 (407)-306-3959,2015-12-09,20,2017-03-01,0
23578087,1234,807890,Mrs,Angela,,Pitt,012-23-7392,+1 (308)-456-3959,2014-04-03,16,2017-03-01,0
46892471,7090,333791,Ms,Grace,,Anderson,015-73-1839,+1 (424)-740-2040,2016-01-01,23,2017-03-01,0
36915908,2919,503978,Mr,John,,Davis,017-43-9584,+1 (248)-418-2417,2017-01-01,8,2017-03-01,0
28914897,3199,231280,Ms,Lily,,Brown,018-37-3848,+1 (694)-687-3498,2016-09-11,12,2017-03-01,0
92843627,4534,995609,Mr,Reuben,,Poole,039-43-6959,+1 (408)-306-3959,2001-01-19,1,2017-03-01,0
38459011,1009,414076,Mr,Kirk,,Velasquez,388-47-1748,+1 (307)-456-3959,2004-04-22,23,2017-03-01,0
38720189,1235,706159,Mr,Fletcher,,Camacho,278-02-7749,+1 (423)-740-2040,2000-10-30,43,2017-03-01,0
48690290,7629,159881,Mr,Oren,,Pollard,452-85-1870,+1 (247)-418-2417,2017-03-03,4,2017-03-01,0
18293904,9375,881111,Mr,Maxwell,,Hood,281-48-7547,+1 (693)-687-3498,2015-09-26,5,2017-03-01,0
82384783,5890,348409,Mr,Zahir,,Moses,005-21-5883,+1 (406)-306-3959,2014-05-25,6,2017-03-01,0
64778920,1063,677321,Mr,Tiger,,Holman,287-45-2884,+1 (309)-456-3959,2016-07-08,11,2017-03-01,0
78498430,1578,319105,Mr,Salvador,,Riggs,839-33-8549,+1 (425)-740-2040,2000-01-01,34,2017-03-01,0
56729890,8052,251623,Mr,Kevin,,Kinney,121-21-5483,+1 (246)-418-2417,2013-09-09,58,2017-03-01,0
51083830,7999,975309,Mr,Steel,,Dale,100-38-2839,+1 (692)-687-3498,2012-01-27,22,2017-03-01,0
68845859,6788,870594,Mr,Jerome,,Manning,831-49-6480,+1 (407)-305-3959,2016-12-12,8,2017-03-01,0
61254898,8372,192096,Mr,Zachary,,Bates,482-59-1848,+1 (308)-455-3959,2016-02-13,90,2017-03-01,0
98327548,8298,760690,Mr,Xander,,Griffin,331-40-4878,+1 (424)-739-2040,2015-07-30,16,2017-03-01,0
89601725,9678,628360,Mr,Allen,,Newman,660-41-5889,+1 (248)-417-2417,2010-09-01,17,2017-03-01,0
55523789,4483,208590,Mr,Noble,,Zamora,199-20-4892,+1 (694)-686-3498,2009-08-21,27,2017-03-01,0
50283741,9040,103418,Mr,Kelly,,Weeks,347-10-4949,+1 (207)-306-3959,2009-07-20,32,2017-03-01,0
23193047,1525,522015,Mr,Judah,,Leblanc,330-44-8655,+1 (108)-456-3959,2009-06-19,88,2017-03-01,0
37856901,4759,398627,Mr,Raja,,Alvarado,173-99-4810,+1 (224)-740-2040,2009-05-18,27,2017-03-01,0
68954463,8576,850459,Mr,Xavier,,Herman,104-28-4895,+1 (448)-418-2417,2009-04-17,47,2017-03-01,0
84661530,4748,335196,Mr,Jonah,,Dudley,123-45-6789,+1 (494)-687-3498,2009-03-16,91,2017-03-01,0
67548412,6661,807799,Mr,Herman,,Bullock,231-47-5890,+1 (407)-306-3958,2010-08-30,56,2017-03-01,0
83212093,7884,619202,Ms,Brenda,,Wood,841-32-5883,+1 (308)-456-3958,2010-07-29,39,2017-03-01,0
57771630,2390,706938,Ms,Gwendolyn,,Phelps,444-99-7777,+1 (424)-740-2039,2010-06-28,58,2017-03-01,0
10000880,1627,963710,Mrs,Cathleen,,Cardenas,841-39-1103,+1 (248)-418-2416,2010-05-27,29,2017-03-01,0
50384712,4859,544289,Ms,Urielle,,Marshall,271-46-4989,+1 (694)-687-3497,2010-04-26,59,2017-03-01,0
19389589,4683,378219,Ms,Angelica,,Morrison,433-45-4110,+1 (407)-306-2958,2010-03-25,13,2017-03-01,0
47488870,5896,873946,Mrs,Noel,,House,323-23-1313,+1 (308)-456-2958,2010-02-24,84,2017-03-01,0
28984905,1523,416248,Mrs,Kelsey,,Harrell,809-41-3840,+1 (424)-740-1039,2010-01-23,45,2017-03-01,0
77727205,4752,305914,Mrs,Dacey,,Randall,193-42-4998,+1 (248)-418-1416,2016-05-30,26,2017-03-01,0
12928233,3850,243325,Ms,Chiquita,,Whitfield,848-78-8675,+1 (694)-687-2497,2016-08-29,20,2017-03-01,0
12345678,2103,539742,Ms,Ivana,,Whitley,109-10-1008,+1 (407)-306-2858,2016-08-28,28,2017-03-01,0
23456789,3093,519524,Ms,Marcia,,Hewitt,739-65-2848,+1 (308)-456-2858,2016-08-27,93,2017-03-01,0
34567890,5631,123215,Ms,Serena,,Santana,270-47-1990,+1 (424)-740-1939,2016-09-27,27,2017-03-01,0
27849400,1004,245824,Mrs,Joelle,,Suarez,471-41-6792,+1 (248)-418-1316,2016-09-29,47,2017-03-01,0
87826531,4198,701626,Ms,Larissa,,Glover,470-65-3838,+1 (694)-687-2397,2016-09-30,83,2017-03-01,0
55889832,4399,382815,Mrs,Yael,,Moss,163-58-3767,+1 (407)-306-2748,2016-09-19,35,2017-03-01,0
93884011,4192,644466,Mrs,Marcia,,Kirkland,347-56-4654,+1 (308)-456-2738,2016-09-18,55,2017-03-01,0
74236019,1045,795227,Mrs,Julie,,Cain,289-89-1679,+1 (424)-740-1829,2016-09-17,65,2017-03-01,0
91438470,9683,907253,Ms,MacKenzie,,Herring,899-36-2443,+1 (248)-418-1206,2007-08-11,28,2017-03-01,0
98144860,1043,846093,Mrs,Audra,,Paul,471-45-8965,+1 (694)-687-2287,2008-12-30,47,2017-03-01,0
16547378,5901,501626,Mrs,Karen,,Brewer,872-58-2984,+1 (407)-111-2748,2008-01-01,1,2017-03-01,0
98860230,2367,705187,Ms,Mariko,,Chen,368-85-2930,+1 (308)-222-2738,2008-02-14,3,2017-03-01,0
18388909,8604,619921,Mrs,Maya,,Bates,273-12-8759,+1 (424)-333-1829,2008-05-25,50,2017-03-01,0
76450899,2299,810603,Mrs,Astra,,Parsons,280-58-1784,+1 (248)-444-1206,2006-08-21,49,2017-03-01,0
40055134,3427,487807,Ms,May,,Conley,194-57-5999,+1 (694)-555-2287,2005-09-23,23,2017-03-01,0